<?xml version="1.0" encoding="UTF-8"?>
<GenRun Id="impl_1" LaunchPart="xc7z020clg484-1" LaunchTime="1744321813">
  <File Type="POSTROUTE-PHYSOPT-RQS-RPT" Name="postroute_physopt_report_qor_suggestions_0.rpt"/>
  <File Type="ROUTE-RQS-RPT" Name="route_report_qor_suggestions_0.rpt"/>
  <File Type="POSTROUTE-PHYSOPT-RQS" Name="top_vga_postroute_physopted.rqs"/>
  <File Type="ROUTE-RQS" Name="top_vga_routed.rqs"/>
  <File Type="WBT-USG" Name="usage_statistics_webtalk.html"/>
  <File Type="BG-DRC" Name="top_vga.drc"/>
  <File Type="BG-BGN" Name="top_vga.bgn"/>
  <File Type="BITSTR-SYSDEF" Name="top_vga.sysdef"/>
  <File Type="BITSTR-LTX" Name="debug_nets.ltx"/>
  <File Type="BITSTR-LTX" Name="top_vga.ltx"/>
  <File Type="RBD_FILE" Name="top_vga.rbd"/>
  <File Type="NPI_FILE" Name="top_vga.npi"/>
  <File Type="RNPI_FILE" Name="top_vga.rnpi"/>
  <File Type="CFI_FILE" Name="top_vga.cfi"/>
  <File Type="RCFI_FILE" Name="top_vga.rcfi"/>
  <File Type="RDI-RDI" Name="top_vga.vdi"/>
  <File Type="PDI-FILE" Name="top_vga.pdi"/>
  <File Type="BITSTR-MMI" Name="top_vga.mmi"/>
  <File Type="BITSTR-BMM" Name="top_vga_bd.bmm"/>
  <File Type="BITSTR-NKY" Name="top_vga.nky"/>
  <File Type="BITSTR-RBT" Name="top_vga.rbt"/>
  <File Type="BITSTR-MSK" Name="top_vga.msk"/>
  <File Type="BG-BIN" Name="top_vga.bin"/>
  <File Type="BG-BIT" Name="top_vga.bit"/>
  <File Type="POSTROUTE-PHYSOPT-BUS-SKEW-RPX" Name="top_vga_bus_skew_postroute_physopted.rpx"/>
  <File Type="POSTROUTE-PHYSOPT-BUS-SKEW-PB" Name="top_vga_bus_skew_postroute_physopted.pb"/>
  <File Type="POSTROUTE-PHYSOPT-BUS-SKEW" Name="top_vga_bus_skew_postroute_physopted.rpt"/>
  <File Type="POSTROUTE-PHYSOPT-TIMING-RPX" Name="top_vga_timing_summary_postroute_physopted.rpx"/>
  <File Type="POSTROUTE-PHYSOPT-TIMING-PB" Name="top_vga_timing_summary_postroute_physopted.pb"/>
  <File Type="POSTROUTE-PHYSOPT-TIMING" Name="top_vga_timing_summary_postroute_physopted.rpt"/>
  <File Type="POSTROUTE-PHYSOPT-BLACKBOX-DCP" Name="top_vga_postroute_physopt_bb.dcp"/>
  <File Type="POSTROUTE-PHYSOPT-DCP" Name="top_vga_postroute_physopt.dcp"/>
  <File Type="ROUTE-BUS-SKEW-RPX" Name="top_vga_bus_skew_routed.rpx"/>
  <File Type="ROUTE-BUS-SKEW-PB" Name="top_vga_bus_skew_routed.pb"/>
  <File Type="ROUTE-BUS-SKEW" Name="top_vga_bus_skew_routed.rpt"/>
  <File Type="ROUTE-CLK" Name="top_vga_clock_utilization_routed.rpt"/>
  <File Type="ROUTE-SIMILARITY" Name="top_vga_incremental_reuse_routed.rpt"/>
  <File Type="ROUTE-TIMING-RPX" Name="top_vga_timing_summary_routed.rpx"/>
  <File Type="ROUTE-TIMING-PB" Name="top_vga_timing_summary_routed.pb"/>
  <File Type="ROUTE-TIMINGSUMMARY" Name="top_vga_timing_summary_routed.rpt"/>
  <File Type="ROUTE-STATUS-PB" Name="top_vga_route_status.pb"/>
  <File Type="ROUTE-STATUS" Name="top_vga_route_status.rpt"/>
  <File Type="ROUTE-PWR-RPX" Name="top_vga_power_routed.rpx"/>
  <File Type="ROUTE-PWR-SUM" Name="top_vga_power_summary_routed.pb"/>
  <File Type="ROUTE-PWR" Name="top_vga_power_routed.rpt"/>
  <File Type="ROUTE-METHODOLOGY-DRC-PB" Name="top_vga_methodology_drc_routed.pb"/>
  <File Type="ROUTE-METHODOLOGY-DRC-RPX" Name="top_vga_methodology_drc_routed.rpx"/>
  <File Type="ROUTE-METHODOLOGY-DRC" Name="top_vga_methodology_drc_routed.rpt"/>
  <File Type="ROUTE-DRC-RPX" Name="top_vga_drc_routed.rpx"/>
  <File Type="ROUTE-DRC-PB" Name="top_vga_drc_routed.pb"/>
  <File Type="ROUTE-DRC" Name="top_vga_drc_routed.rpt"/>
  <File Type="ROUTE-BLACKBOX-DCP" Name="top_vga_routed_bb.dcp"/>
  <File Type="ROUTE-DCP" Name="top_vga_routed.dcp"/>
  <File Type="ROUTE-ERROR-DCP" Name="top_vga_routed_error.dcp"/>
  <File Type="PHYSOPT-TIMING" Name="top_vga_timing_summary_physopted.rpt"/>
  <File Type="PHYSOPT-DRC" Name="top_vga_drc_physopted.rpt"/>
  <File Type="PHYSOPT-DCP" Name="top_vga_physopt.dcp"/>
  <File Type="POSTPLACE-PWROPT-TIMING" Name="top_vga_timing_summary_postplace_pwropted.rpt"/>
  <File Type="POSTPLACE-PWROPT-DCP" Name="top_vga_postplace_pwropt.dcp"/>
  <File Type="PLACE-TIMING" Name="top_vga_timing_summary_placed.rpt"/>
  <File Type="PLACE-PRE-SIMILARITY" Name="top_vga_incremental_reuse_pre_placed.rpt"/>
  <File Type="PLACE-SIMILARITY" Name="top_vga_incremental_reuse_placed.rpt"/>
  <File Type="PLACE-CTRL" Name="top_vga_control_sets_placed.rpt"/>
  <File Type="PLACE-UTIL-PB" Name="top_vga_utilization_placed.pb"/>
  <File Type="PLACE-UTIL" Name="top_vga_utilization_placed.rpt"/>
  <File Type="PLACE-CLK" Name="top_vga_clock_utilization_placed.rpt"/>
  <File Type="PLACE-IO" Name="top_vga_io_placed.rpt"/>
  <File Type="PLACE-DCP" Name="top_vga_placed.dcp"/>
  <File Type="PWROPT-TIMING" Name="top_vga_timing_summary_pwropted.rpt"/>
  <File Type="PWROPT-DRC" Name="top_vga_drc_pwropted.rpt"/>
  <File Type="PWROPT-DCP" Name="top_vga_pwropt.dcp"/>
  <File Type="OPT-HWDEF" Name="top_vga.hwdef"/>
  <File Type="OPT-METHODOLOGY-DRC" Name="top_vga_methodology_drc_opted.rpt"/>
  <File Type="OPT-DRC" Name="top_vga_drc_opted.rpt"/>
  <File Type="OPT-DCP" Name="top_vga_opt.dcp"/>
  <File Type="OPT-TIMING" Name="top_vga_timing_summary_opted.rpt"/>
  <File Type="REPORTS-TCL" Name="top_vga_reports.tcl"/>
  <File Type="INIT-TIMING" Name="top_vga_timing_summary_init.rpt"/>
  <File Type="PA-TCL" Name="top_vga.tcl"/>
  <FileSet Name="sources" Type="DesignSrcs" RelSrcDir="$PSRCDIR/sources_1" RelGenDir="$PGENDIR/sources_1">
    <Filter Type="Srcs"/>
    <File Path="$PSRCDIR/sources_1/ip/clk_wiz_0/clk_wiz_0.xci">
      <FileInfo>
        <Attr Name="UsedIn" Val="synthesis"/>
        <Attr Name="UsedIn" Val="implementation"/>
        <Attr Name="UsedIn" Val="simulation"/>
      </FileInfo>
    </File>
    <File Path="$PPRDIR/../src/vga.vhd">
      <FileInfo>
        <Attr Name="UsedIn" Val="synthesis"/>
        <Attr Name="UsedIn" Val="simulation"/>
      </FileInfo>
    </File>
    <File Path="$PPRDIR/../src/top_vga.vhd">
      <FileInfo>
        <Attr Name="UsedIn" Val="synthesis"/>
        <Attr Name="UsedIn" Val="simulation"/>
      </FileInfo>
    </File>
    <Config>
      <Option Name="DesignMode" Val="RTL"/>
      <Option Name="TopModule" Val="top_vga"/>
      <Option Name="TopAutoSet" Val="TRUE"/>
    </Config>
  </FileSet>
  <FileSet Name="constrs_in" Type="Constrs" RelSrcDir="$PSRCDIR/constrs_1">
    <Filter Type="Constrs"/>
    <File Path="$PPRDIR/../constraints/zedboard_vga.xdc">
      <FileInfo>
        <Attr Name="UsedIn" Val="synthesis"/>
        <Attr Name="UsedIn" Val="implementation"/>
      </FileInfo>
    </File>
    <Config>
      <Option Name="ConstrsType" Val="XDC"/>
    </Config>
  </FileSet>
  <FileSet Name="utils" Type="Utils" RelSrcDir="$PSRCDIR/utils_1">
    <Filter Type="Utils"/>
    <File Path="$PSRCDIR/utils_1/imports/synth_1/top_vga.dcp">
      <FileInfo>
        <Attr Name="UsedIn" Val="synthesis"/>
        <Attr Name="UsedIn" Val="implementation"/>
        <Attr Name="UsedInSteps" Val="synth_1"/>
        <Attr Name="AutoDcp" Val="1"/>
      </FileInfo>
    </File>
    <Config>
      <Option Name="TopAutoSet" Val="TRUE"/>
    </Config>
  </FileSet>
  <Strategy Version="1" Minor="2">
    <StratHandle Name="Vivado Implementation Defaults" Flow="Vivado Implementation 2022">
      <Desc>Default settings for Implementation.</Desc>
    </StratHandle>
    <Step Id="init_design"/>
    <Step Id="opt_design"/>
    <Step Id="power_opt_design"/>
    <Step Id="place_design"/>
    <Step Id="post_place_power_opt_design"/>
    <Step Id="phys_opt_design"/>
    <Step Id="route_design"/>
    <Step Id="post_route_phys_opt_design"/>
    <Step Id="write_bitstream"/>
  </Strategy>
</GenRun>
